gpsw_setup_worst,9182
gpsw_enc_worst,11636
gpsw_keygen_worst,17072
gpsw_dec_seq_worst,108514
gpsw_dec_sim_worst,0
gpsw_dec_sim_worst,0
gpsw_dec_sim_worst,0
gpsw_dec_sim_worst,0
gpsw_dec_sim_worst,0
gpsw_dec_sim_worst,0
gpsw_dec_sim_worst,0
gpsw_dec_sim_worst,0
gpsw_dec_sim_worst,0
gpsw_dec_sim_worst,0
gpsw_dec_sim_worst,0
gpsw_dec_sim_worst,0
gpsw_dec_sim_worst,0
gpsw_dec_sim_worst,0
gpsw_dec_sim_worst,0
gpsw_dec_sim_worst,0
gpsw_dec_sim_worst,0
gpsw_dec_sim_worst,0
gpsw_dec_sim_worst,0
gpsw_dec_sim_worst,0
gpsw_dec_sim_worst,0
gpsw_dec_sim_worst,0
gpsw_dec_sim_worst,0
gpsw_dec_sim_worst,0
gpsw_dec_sim_worst,0
gpsw_dec_sim_worst,0
gpsw_dec_sim_worst,0
gpsw_dec_sim_worst,0
gpsw_dec_sim_worst,0
gpsw_dec_sim_worst,0

